O1CN01A0fTpj1OeqYjmcT1r_!!233301731,0
O1CN01a0OgAa2CiGFoVAedy_!!887258507,0
O1CN01A1fW6L1RfFol7XKFl_!!2859072138,1
O1CN01A1mbJw2II3OcvnRGM_!!1901129262,1
O1CN01A3mGqF2BkilYIIVcT_!!2216405958377,0
O1CN01a3sUSU2Faspc28lQc_!!2218058828897,0
O1CN01A7r6201YiBdeZQTQY_!!3563033092,1
O1CN01A9PboZ1zZTm2FgGtN_!!4611686018427383832-0-item_pic,1
O1CN01aamNaA1uc9m5aHWeC_!!1725796057,0
TB12golhZrI8KJjy0FhXXbfnpXa_!!0-item_pic,0
TB2YxOebCfD8KJjSszhXXbIJFXa_!!12221371,0
TB2POpcaOMnBKNjSZFzXXc_qVXa_!!3685605045,1
TB1GPV4JFXXXXXnXXXXXXXXXXXX_!!0-item_pic,0
O1CN01606hKL2NOWucS0Cqw_!!1106359953,1
O1CN01356uFl1S8Z8MAFzYw_!!762552202,1
O1CN0196W3YS1V9szvLVpgB_!!3868322611,1
O1CN0193gOip1ltidPF8mSR_!!3867834877,0
O1CN0187NB871hm9eMvMNLO_!!4611686018427380271-0-item_pic,1
O1CN0187Llhv1q1HWxoHWWa_!!2208334195435,0
O1CN0183JXLm2IRfi5ANZsd_!!2218379509283,0
O1CN0183bfV51h6vzEbOsv6_!!2218598134229,0
O1CN0181jLIG1xEIBqpE5SF_!!3540866411,0
O1CN0166miZx1Yj6SitrPss_!!3073833094,0
O1CN018w6AX51oWJDlIo77Q_!!2473335232,0
O1CN018EHSjg2LGcq96WUE6_!!2213933049665,1
O1CN018UkDfU1MbWIO1da03_!!1756881453,1
O1CN018ur1Hu1dRJ56wdNUK_!!2216318553732,0
O1CN019cHub81a7fGxjKrkq_!!2880163283,1
O1CN0155AQpT2Bc1FvfXGKA_!!2208845938358,1
O1CN019wIZPP1xFCzUpVarI_!!36886413,0
O1CN017Emder1f5RTIlNu3C_!!2218586903955,0
O1CN018s7W1B2LLCy7LYmmM_!!90849675,1
O1CN01bS5MFT1STAvSQAH8U_!!2768292247,0
O1CN01BYCf7l1SSiWSZBLi6_!!31692246,0
O1CN01CbB3KH2NDXZt9pOLO_!!2076389929,0
O1CN01esCVh61SxrQWDCoer_!!2816162314,0
O1CN01et3eHd1tND5JHO232_!!57655889,0
O1CN01EZNCVJ1DcarYmXYrf_!!2216747680237,0
O1CN01fThonu1KFQ7eH5sNA_!!3163371134,0
O1CN01GD9Yo31rtcDVC045f_!!2214712045689,1
O1CN01GrA3sU2NDXXKwscsL_!!0-item_pic,0
O1CN01HMTQPJ1OQBtJHtas5_!!391831699,0
O1CN01iupPsm1bgIsw3yruQ_!!2017743494,0
O1CN01iSkRGC26MNiPJnqtK_!!2212544587647,0
O1CN01iWSbG31ubFBhJe60P_!!2727006055,1
O1CN01jmjK4t1Q0egJvp3rb_!!2061341914,0
O1CN01KiFQJg236rTUxEi9q_!!229117207,0
O1CN01KKpiEa1OS1XYo54zo_!!1878441703,0
O1CN01KzagcC20lDTrbEjqr_!!2633306889,0
O1CN01kvGNAT25ZNMGe3sW0_!!4227487540,0
O1CN01lgN8iW1vooWQLsIdQ_!!151806220,0
O1CN01lOziph1vCnPi8XLam_!!777526137,0
O1CN01LWmwqj1uBarbvzin9_!!40535999,0
O1CN01MnUJ3021vZrpreOtD_!!766167047,0
O1CN01MOYcRL1w1dcYG4Z7J_!!2215620996248,0
O1CN01N1ikOm1aXJIypfXwK_!!2862943339,0
O1CN01NKzBZN1HiKEbPr08P_!!1111390791,0
O1CN01No49Rv23uKFnxa9UW_!!2215694677315,0
O1CN01oOPVrV2IGgD81du46_!!2218942959259,0
O1CN01OWEzgL1UyQokBsbxW_!!2886982586-0-lubanu-s,0
O1CN01p8qM381amssIdH5IB_!!0-item_pic,0
O1CN01PrVSik1DLeEgfpCOi_!!2218995000200,0
O1CN01PUKRV11JF8FDiza96_!!3075100998,0
O1CN01Q4RDeh1CoDKIYs5vO_!!2218955850127,0
O1CN01qHbMe82LOs8J2Xs3j_!!2218141839683,0
O1CN01qUnpvY1Rfi9FuzS0R_!!2210198362139,0
O1CN01RgICad25TsZkrM0hI_!!108057528,0
O1CN01RbNQME2HFTXq3OiB9_!!2200554139121,0
O1CN01R8xBSi27ezPsvSEG5_!!2218018947823,0
O1CN01sFS7Jj1RorvweapVb_!!352812159,0
O1CN01sNogHL1FfSYuT84va_!!17080514,0
O1CN01sXkpBy1oWJDDASMPt_!!2473335232,0
O1CN01TjP1j51tdhcPK9HF3_!!2215830535925,0
O1CN01Ts4Yap1YsGLdMfdDX_!!2574993114,0
O1CN01TvjI2O2LY20xdLDZt_!!3937219703-0-C2M,0
O1CN01uGxuuc1lNem30tpRH_!!748234807,0
O1CN01uqfHpG1dP17yar3oj_!!2962863727,0
O1CN01uY6na61UtrIC0d5yE_!!4611686018427382672-0-item_pic,0
O1CN01vFpl6b1NSC4SJwb2m_!!4611686018427383648-2-item_pic,0
O1CN01vYfwoN1jt8v8NFnSZ_!!139784605,0
O1CN01w1Z8z21WkoOAvTYQu_!!0-item_pic,0
O1CN01VzH69C1PkAnQC2SVj_!!2212289861878-0-scmitem176000,0
O1CN01bWH7xN1l85OUd0Jf0_!!2217475314773,0
O1CN01c8o40t222RzxCcSMi_!!2925217062,0
O1CN01Cav2wT1UtrI7dd22H_!!4611686018427382672-0-item_pic,0
O1CN01Ch4zbV1fW0NBPlkl8_!!2201196294013,0
O1CN01C2qJWr1mGcLem6CX5_!!2955754927,0
O1CN01C5Uvp51ey72WAOPom_!!2215711273939,0
O1CN01CUicfm2Di5MBOOalQ_!!751788642,0
O1CN01dI6fyp1buV6vwaQgq_!!281173525,0
O1CN01dgTsDX1Pm0QHqhUuf_!!2218582651882,0
O1CN01dQXD4C1cLWO5QBkYZ_!!2215645323584,0
O1CN01DzrgsM1ieelclQ1GO_!!2738224438,0
O1CN01e9R8wk2LRcS1Pds7o_!!2440859689,0
O1CN01ENwByc1y38ABVcZMc_!!2200787826522,0
O1CN01G4XjVZ2It9RpLh0yR_!!3005589343,0
O1CN01Gberzi1JRxOJQcT8a_!!2963841026,0
O1CN01h73Nu01RtuVD371CU_!!2210929502170,0
O1CN01hBPTsh1c1MszwocAO_!!321543540,0
O1CN01iUbbW81zfQuGf0aJ4_!!1923136741,0
O1CN01IRKL5W2B47pSWXm24_!!2212340678284,0
O1CN01jKN5h01j8QHtRIe9x_!!4138984503,0
O1CN01J1Zogv1jeU8rFlKjZ_!!2216567414573,1
O1CN01JWIl0q1jPNA1kxuV4_!!94634540,0
O1CN01KacgB82KRKewvzdEv_!!445529553,1
O1CN01KchZFy24P0mkw6Imc_!!2214337537382,1
O1CN01kVlRG81C4Pey9ZJ32_!!0-item_pic,0
O1CN01KZO1gL1JRxOHkRRC3_!!2963841026,0
O1CN01lOziph1vCnPi8XLam_!!777526137,0
O1CN01amhEz123yRhmCHq9A_!!2935387324,1
O1CN01AwFLYU1ywXwHUnAwZ_!!790656643,1
O1CN01BhMFFD2F5HQhhbNwp_!!2319908828,1
O1CN01boIXgj1pDooa4sllP_!!2216402905327,1
O1CN01BSY5Fq1yTEl7s2t2x_!!2214921406579,1
O1CN01BPoHpV1roZttRsgV3_!!2218553155678,1
O1CN01cC8Xyl1l6iDZxlLrI_!!748214770,1
O1CN01dHDSkE1af6F3UEih0_!!830423356,1
O1CN01DRT6kM2DvNDwxl7u5_!!47058671,1
O1CN01e33kbu1fnPHEbpByT_!!2210925674051,1
O1CN01e5y8JQ1oXgJ7kzJIg_!!0-item_pic,1
O1CN01Dz5Dp41mzxZNgXfMd_!!2133725026,1
O1CN01eaDHVa1GmA27gwU1L_!!2218655840664,1
O1CN01ezv1TH1YJSCYpZZxU_!!2207718493038,1
O1CN01FEpaft2DTtYFZmNUA_!!632578611,1
O1CN01fxQ3oM2GgfNIbsuNq_!!664699045,1
O1CN01gDWgeK2KZ7KeIKghJ_!!2986919570,1
O1CN01GKcZaY1ZqGH6D5cRJ_!!197833245,1
O1CN01h0XH5C1Qd8KI9rUlT_!!0-item_pic,1
O1CN01ieMu3W1diFf368qFz_!!1699653769,1
O1CN01HpvuIm1RPDw6q58gP_!!2217676522103,1
O1CN01HRuRiH2LY1wsyPk5y_!!3937219703-0-C2M,1
O1CN01jbHt122GgfRQTU50V_!!470719045,1
O1CN01jlOElV1SP3MwPwPD4_!!0-item_pic,1
O1CN01JeqqDJ1gv1fpvT5Te_!!2056914203,1
O1CN01JyVRSC1YLkGDBoa5k_!!270943043,1
O1CN01LGlLxi1JHsdZeANxY_!!1971911004,1
O1CN01mj93QZ2LISZXLIMWg_!!1804819669,1
O1CN01lpYEAL1l6iDdIChfJ_!!748214770,1
O1CN01mnbO7H1dDZG5IJleE_!!22193702,1
O1CN01Ag0Vrr1NEuaUsimuJ_!!2218108891539,1
O1CN01BmUAsn22jVEKmEwoX_!!2207276877156,1
O1CN01BfcdlE2FgpwA3QpyQ_!!1012918910,1
O1CN01AzTKZO1s6RLfA2gHb_!!761785717,1
O1CN01bS1BIh20kl39F40ID_!!2100036888,1
O1CN01bQWMx51JuLe1aKLNt_!!4096191088,0
O1CN01BrnVNp2NMhP1ADvY6_!!2210749169949,1
O1CN01bRwZpm25QfbLOzAzw_!!471897521,0
O1CN01BPoHpV1roZttRsgV3_!!2218553155678,1
O1CN01bPuVKS1KBIWEYBjqY_!!2207927471125,1
O1CN01bWGJzk1vGvDYJzd8G_!!1617466146,1
O1CN01cBqCK11uI0ZnMMwEc_!!2218208946013,1
O1CN01cEJilf1PjFt6nrSPV_!!2209548151876,1
O1CN01CDJJyi1KwTMA11B2t_!!719851228,1
O1CN01Cd5xth2BECjbYUFTe_!!65698306,1
O1CN01ccBYB52AN4mNkCBSL_!!2130368190,1
O1CN01CHzXMj1Id7LAFlap1_!!1746960915,1
O1CN01CwO8V41ecaSA2m7UU_!!1026693892,1
O1CN01d0JoHJ1dCeSmel3Ob_!!2218862363700,1
O1CN01d5iJnD1nTGzKHmWDL_!!3418655090,1
O1CN01DM8f8z1RzOprLYqNQ_!!758852182,1
O1CN01dLwNzx1qNGaihHwyC_!!1753505483,1
O1CN01DRT6kM2DvNDwxl7u5_!!47058671,1
O1CN01dSLUBS2ImjqnixSiE_!!3398589329,1
O1CN01dzTnks1vCL8KAyMDs_!!4116896136,1
O1CN01E5eF3y1oXgErsckRo_!!0-item_pic,1
O1CN01eeIB501w78IewnY4n_!!2248686260,1
O1CN01Eu5U0r1zeW7c6SeFx_!!2212387326739,1
O1CN01f62n1h1PVW9vdLkAg_!!2379601846,1
O1CN01fnvxRX1NY9B5DSJdu_!!832631581,1
O1CN01g3srzI23xzDn3w4Eg_!!1069577323,1
O1CN01hDZGpR1OMz6GE1m75_!!444711692，0
O1CN01hkDAcP26iMfif4sKc_!!1993857695,1
O1CN01HfOjvI1ZaENL7FEMd_!!1631353210,1
O1CN01HNPKZO1ag0lM9r6S2_!!2207327543358,1
O1CN01HZgGh71NNc5fY1BNl_!!1751831558,1
O1CN01HvdHBQ1M5v8D8F4yW_!!892621384,1
O1CN01I4ldBq1vw8sl01NUr_!!2211220926236,1
O1CN01i9Q9YA22Y3JQeZtBO_!!2584917131,1
O1CN01ieMu3W1diFf368qFz_!!1699653769,1
O1CN01D6kuDK1eiXdmeCfZ1_!!2828963905,1
O1CN01DKTiuK1v1LjbjmHNg_!!3259016112,1
O1CN01DwrhUU1of0j3rXqVb_!!924285251,0
O1CN01E5eF3y1oXgErsckRo_!!0-item_pic,1
O1CN01ejykyb1X8dBw7Hy2p_!!236842879,1
O1CN01ewjBWo1T2RRsXKdRd_!!3544652324,1
O1CN01FLg5bg1ocGNG1y9YP_!!2201502845245,1
O1CN01Gj5Vg31xoTMO1lgNW_!!2213260426490,1
O1CN01hAF5aT1yolKt1SFbP_!!3120726626,1
O1CN01h4GsaV1NT6NLpKqZp_!!2914511570,1
O1CN01hkDAcP26iMfif4sKc_!!1993857695,1
O1CN01I4UqZ01Ea8MhD2Nw4_!!2455080367,1
O1CN01i19UKz1C4PVDwlJCN_!!2200672660027,0
O1CN01iupPsm1bgIsw3yruQ_!!2017743494,0
O1CN01iywl0M1bkQQ7yGork_!!2216070103503,0
O1CN01aR562t1rhhdUQJhlh_!!1133605663,0
O1CN01MHnUSx1gKqPAga3nv_!!326134124,0
O1CN01mhKypD1zD2LUtqDN1_!!2217697096679,0
O1CN01MnUJ3021vZrpreOtD_!!766167047,0
O1CN01nALYGJ1HKy54L3I94_!!250740,0
O1CN01nQwtvg25kMkLjKlfE_!!3836857564,0
O1CN01OF7Lyg29xQaLpHZUb_!!882608134,0
O1CN01TvjI2O2LY20xdLDZt_!!3937219703-0-C2M,0
O1CN01uJkaFu2F4MghrmDSF_!!3847958826,1
O1CN01v1gw3U1C3UsE9fOzX_!!2052660025,0
O1CN01vMvFgf2DN1YvJBCKP_!!2218389028596,1
O1CN010wQzib1ftp0RZDU36_!!2217167744065,0
O1CN01Z5tLRl29ICszV58nY_!!0-item_pic,0
O1CN01yloMz41Pm0EVptIkF_!!2200717121882,0
O1CN01YNMDuc1qGOhjOnwTF_!!2215459775468,0
O1CN01W9emVt2JdPU1dJQwI_!!33879444,0
O1CN01W8npke26rz2HtAjQ8_!!2218558637716,0
O1CN01VzH69C1PkAnQC2SVj_!!2212289861878-0-scmitem176000,0
O1CN01V3s9am26Nkv2YmiQN_!!2034417650,0
O1CN01utYQBR1HrwU4doQ2J_!!2212892160812,0
O1CN01KzagcC20lDTrbEjqr_!!2633306889,0
O1CN01e6PC5g1EbxyqnzKzf_!!4116370371,0
O1CN01dyhjZ91m8phqBBRJx_!!2123554910,0
O1CN01EcLMW01h1te9hImjz_!!2206584264218-0-C2M,0
O1CN01evg39F2780wL1aEnD_!!2218642867751,0
O1CN01aPNxtT2MntNclshLM_!!2217746189873,0
O1CN01aXlfrK25FDsTr2krA_!!2959817496,0
O1CN01bItfav24CdxCJTzBl_!!1916377355,0
O1CN01bIHp8G1HrUEhXDBy8_!!2216349040811,0
O1CN01bgDIMW2KEVQr6qrpo_!!1773269525,0
O1CN01BfrqIQ1zFKKNNcg0K_!!2200785276684,0
O1CN01iUbbW81zfQuGf0aJ4_!!1923136741,0
O1CN01iYIK1H1qZdHui4pdU_!!3164595510,0
O1CN01j8zPkv2EbVcK1jir3_!!76868763,0
O1CN01T2fJor1QcfyGLxOvf_!!2760861997,0
O1CN01vC4WVm21zFGveI6Ss_!!1697737055,0
O1CN01wKoJe32LY21JknllK_!!3937219703-0-C2M,0
O1CN01xREi2M1TozLgzhyFH_!!2452282430,0
O1CN01XUFWrs1NddxgW4LlA_!!2206451421593,0
O1CN01zQFPBP1NTZ9OVRHE6_!!2215796441571,0
O1CN01zv9e901RZIgPp1AQM_!!1741912125,0
O1CN016UCqEp2134kQ9EEYl_!!2200733006928,0
O1CN017MAGWw2LfMEv8Ctxw_!!417859719,0
O1CN019i65PP1le97IXXW3l_!!3002334843,0
O1CN018p4sZV1PVya2922ti_!!4611686018427385063-0-item_pic,0
O1CN0163PJTO1KWp9k5mkm2_!!0-item_pic,0
O1CN014ALZNN1pTO9ReAUJ7_!!1856145361,0
O1CN01OCdv9j1OXyeNX4881_!!0-item_pic,0
O1CN01NpRfPW1zAHoChyg6H_!!1049566673,0
O1CN01NDy6QC1ihrQTT43sE_!!2864224445,0
O1CN01JuD9uw1vF5aO5GDb7_!!2505526142,0
O1CN01HhwQDd2HE6E57VEoE_!!2216943269118-0-cib,0
O1CN01gwTbm125SxlkMfiiS_!!1046587526,0
O1CN01jYyS9a1XHnDo9mzye_!!2945542899,1
O1CN01kbh6k01fE8x3JAy8a_!!3628883974,1
O1CN01jZPMmi2GdSZrEru7N_!!737729038,1
O1CN01KBCDKX1QC6q0RNgEX_!!3014941939,1
O1CN01lGegrA2Bcw4M9YQ7V_!!2200620278360,1
O1CN01m4vV2S2FgpxF9N3oy_!!1012918910,1
O1CN01lsTCDI1Tj2JjmIcWf_!!2207960442417,1
O1CN01nFIQ7y1lrQe4DXzUr_!!2838504872,1
O1CN01nPS9sZ1c3Ce4JLNUV_!!2081633544,1
O1CN01oP6fda2DN1YoRTptZ_!!2218389028596,1
O1CN01Pc6zBe1KWMjEsPn01_!!2217313791171,1
O1CN01w35l0t1D8opHpfwn7_!!1862000172,1
O1CN0120oXud1Uirhost10v_!!2217251762552,1